-- phpMyAdmin SQL Dump
-- version 5.0.2
-- https://www.phpmyadmin.net/
--
-- Vært: 127.0.0.1
-- Genereringstid: 15. 11 2021 kl. 03:55:32
-- Serverversion: 10.4.11-MariaDB
-- PHP-version: 7.4.6

SET SQL_MODE = "NO_AUTO_VALUE_ON_ZERO";
START TRANSACTION;
SET time_zone = "+00:00";


/*!40101 SET @OLD_CHARACTER_SET_CLIENT=@@CHARACTER_SET_CLIENT */;
/*!40101 SET @OLD_CHARACTER_SET_RESULTS=@@CHARACTER_SET_RESULTS */;
/*!40101 SET @OLD_COLLATION_CONNECTION=@@COLLATION_CONNECTION */;
/*!40101 SET NAMES utf8mb4 */;

--
-- Database: `test,boozt`
--

-- --------------------------------------------------------

--
-- Struktur-dump for tabellen `customer`
--

CREATE TABLE `customer` (
  `id` int(11) NOT NULL,
  `firstName` varchar(255) NOT NULL,
  `lastName` varchar(255) NOT NULL,
  `email` varchar(255) NOT NULL
) ENGINE=InnoDB DEFAULT CHARSET=utf8mb4;

--
-- Data dump for tabellen `customer`
--

INSERT INTO `customer` (`id`, `firstName`, `lastName`, `email`) VALUES
(1, 'John', 'Doe', 'JohnDoe@mail.com'),
(2, 'Jane', 'Doe', 'JaneDoe@mail.com'),
(3, 'John', 'Smith', 'JohnSmith@mail.com'),
(4, 'Steve', 'Stevenson', 'SteveStevenson@mail.com'),
(5, 'Joe', 'Brock', 'JoeBrock@mail.com'),
(6, 'Tom', 'Zimmerman', 'TomZimmerman@mail.com'),
(7, 'Toni', 'Newton', 'ToniNewton@mail.com'),
(8, 'Wiliam', 'Dixon', 'WiliamDixon@mail.com'),
(9, 'Glen', 'Stevenson', 'GlenStevenson@mail.com'),
(10, 'Julia', 'Carter', 'JuliaCarter@mail.com'),
(11, 'Toni', 'Sutton', 'ToniSutton@mail.com'),
(12, 'Jens', 'Hansen', 'JensHansen@mail.com'),
(13, 'Joe', 'Armstrong', 'JoeArmstrong@mail.com'),
(14, 'Glen', 'Vargas', 'GlenVargas@mail.com'),
(15, 'Julia', 'Barnes', 'JuliaBarnes@mail.com'),
(16, 'Oliver', 'Burton', 'OliverBurton@mail.com'),
(17, 'Glen', 'Nygaard', 'GlenNygaard@mail.com'),
(18, 'Robbert', 'Zimmerman', 'RobbertZimmerman@mail.com'),
(19, 'Mads', 'Garret', 'MadsGarret@mail.com'),
(20, 'Oliver', 'Sutton', 'OliverSutton@mail.com'),
(21, 'Wiliam', 'Sutton', 'WiliamSutton@mail.com'),
(22, 'Sylvia', 'Burton', 'SylviaBurton@mail.com'),
(23, 'Mabel', 'Mitchell', 'MabelMitchell@mail.com'),
(24, 'Molly', 'Carter', 'MollyCarter@mail.com'),
(25, 'Felix', 'Jackson', 'FelixJackson@mail.com');

-- --------------------------------------------------------

--
-- Struktur-dump for tabellen `order`
--

CREATE TABLE `order` (
  `id` int(11) NOT NULL,
  `customerID` int(11) NOT NULL,
  `purchase date` date NOT NULL,
  `country` varchar(255) NOT NULL,
  `device` varchar(255) NOT NULL
) ENGINE=InnoDB DEFAULT CHARSET=utf8mb4;

--
-- Data dump for tabellen `order`
--

INSERT INTO `order` (`id`, `customerID`, `purchase date`, `country`, `device`) VALUES
(1, 1, '2021-11-09', 'Denmark', 'Pc'),
(2, 1, '2021-11-09', 'Denmark', 'Pc'),
(3, 1, '2021-11-09', 'Denmark', 'Pc'),
(4, 2, '2021-11-11', 'Denmark', 'Pc'),
(5, 2, '2021-11-11', 'Denmark', 'Pc'),
(8, 1, '2021-11-11', 'Denmark', 'Pc'),
(9, 5, '2021-10-01', 'Germany', 'Laptop'),
(10, 19, '2021-10-01', 'England', 'Laptop'),
(11, 21, '2021-10-01', 'France', 'Laptop'),
(12, 23, '2021-10-02', 'Germany', 'Pc'),
(13, 6, '2021-10-02', 'England', 'Pc'),
(14, 7, '2021-10-02', 'Denmark', 'Pc'),
(15, 12, '2021-10-02', 'France', 'Laptop'),
(16, 9, '2021-10-03', 'Norway', 'Tablet'),
(17, 20, '2021-10-03', 'Sweden', 'Tablet'),
(18, 9, '2021-10-04', 'Norway', 'Laptop'),
(19, 1, '2021-10-04', 'Denmark', 'Phone'),
(20, 5, '2021-10-04', 'Germany', 'Pc'),
(21, 20, '2021-10-05', 'Sweden', 'Pc'),
(22, 18, '2021-10-05', 'Germany', 'Tablet'),
(23, 6, '2021-10-05', 'England', 'Tablet'),
(24, 20, '2021-10-06', 'Sweden', 'Phone'),
(25, 15, '2021-10-06', 'France', 'Pc'),
(26, 23, '2021-10-06', 'Germany', 'Laptop'),
(27, 6, '2021-10-06', 'England', 'Tablet'),
(28, 3, '2021-10-07', 'Sweden', 'Pc'),
(29, 15, '2021-10-07', 'France', 'Laptop'),
(30, 18, '2021-10-08', 'Germany', 'Pc'),
(31, 4, '2021-10-08', 'Germany', 'Laptop'),
(32, 23, '2021-10-08', 'Germany', 'Pc'),
(33, 14, '2021-10-09', 'Norway', 'Phone'),
(34, 18, '2021-10-09', 'Germany', 'Pc'),
(35, 4, '2021-10-09', 'Germany', 'Pc'),
(36, 16, '2021-10-10', 'Norway', 'Phone'),
(37, 5, '2021-10-10', 'Germany', 'Tablet'),
(38, 7, '2021-10-10', 'Denmark', 'Tablet'),
(39, 12, '2021-10-11', 'France', 'Laptop'),
(40, 7, '2021-10-11', 'Denmark', 'Pc'),
(41, 23, '2021-10-11', 'Germany', 'Pc'),
(42, 9, '2021-10-12', 'Norway', 'Tablet'),
(43, 2, '2021-10-12', 'Denmark', 'Phone'),
(44, 5, '2021-10-13', 'Germany', 'Pc'),
(45, 1, '2021-10-13', 'Denmark', 'Phone'),
(46, 20, '2021-10-13', 'Sweden', 'Pc'),
(47, 18, '2021-10-14', 'Germany', 'Laptop'),
(48, 9, '2021-10-14', 'Norway', 'Tablet'),
(49, 20, '2021-10-15', 'Sweden', 'Laptop'),
(50, 6, '2021-10-15', 'England', 'Laptop'),
(51, 10, '2021-10-15', 'England', 'Phone'),
(52, 21, '2021-10-15', 'France', 'Pc'),
(53, 1, '2021-10-16', 'Denmark', 'Phone'),
(54, 17, '2021-10-16', 'Germany', 'Laptop'),
(55, 8, '2021-10-17', 'Germany', 'Tablet'),
(56, 21, '2021-10-17', 'France', 'Laptop'),
(57, 14, '2021-10-17', 'Norway', 'Tablet'),
(58, 20, '2021-10-18', 'Sweden', 'Laptop'),
(59, 3, '2021-10-18', 'Sweden', 'Pc'),
(60, 6, '2021-10-19', 'England', 'Pc'),
(61, 9, '2021-10-19', 'Norway', 'Tablet'),
(62, 5, '2021-10-19', 'Germany', 'Pc'),
(63, 1, '2021-10-20', 'Denmark', 'Phone'),
(64, 14, '2021-10-20', 'Norway', 'Tablet'),
(65, 7, '2021-10-20', 'Denmark', 'Phone'),
(66, 20, '2021-10-20', 'Sweden', 'Laptop'),
(67, 15, '2021-10-21', 'France', 'Laptop'),
(68, 1, '2021-10-21', 'Denmark', 'Laptop'),
(69, 15, '2021-10-21', 'France', 'Laptop'),
(70, 4, '2021-10-22', 'Germany', 'Tablet'),
(71, 17, '2021-10-22', 'Norway', 'Laptop'),
(72, 22, '2021-10-22', 'Denmark', 'Pc'),
(73, 25, '2021-10-23', 'Sweden', 'Laptop'),
(74, 11, '2021-10-23', 'Sweden', 'Pc'),
(75, 19, '2021-10-24', 'England', 'Pc'),
(76, 14, '2021-10-24', 'Norway', 'Laptop'),
(77, 23, '2021-10-24', 'Germany', 'Pc'),
(78, 3, '2021-10-25', 'Sweden', 'Tablet'),
(79, 6, '2021-10-25', 'England', 'Pc'),
(80, 18, '2021-10-25', 'Germany', 'Tablet'),
(81, 23, '2021-10-25', 'Germany', 'Tablet'),
(82, 19, '2021-10-26', 'England', 'Laptop'),
(83, 25, '2021-10-26', 'Sweden', 'Tablet'),
(84, 19, '2021-10-26', 'England', 'Tablet'),
(85, 12, '2021-10-27', 'France', 'Laptop'),
(86, 4, '2021-10-27', 'Germany', 'Laptop'),
(87, 21, '2021-10-27', 'France', 'Phone'),
(88, 19, '2021-10-27', 'England', 'Pc'),
(89, 6, '2021-10-28', 'England', 'Pc'),
(90, 21, '2021-10-28', 'France', 'Laptop'),
(91, 4, '2021-10-28', 'Germany', 'Tablet'),
(92, 18, '2021-10-29', 'Germany', 'Tablet'),
(93, 5, '2021-10-29', 'Germany', 'Phone'),
(94, 5, '2021-10-29', 'Germany', 'Phone'),
(95, 22, '2021-10-29', 'Denmark', 'Tablet'),
(96, 17, '2021-10-30', 'Norway', 'Pc'),
(97, 9, '2021-10-30', 'Norway', 'Pc'),
(98, 16, '2021-10-30', 'Sweden', 'Tablet'),
(99, 3, '2021-10-30', 'Sweden', 'Pc'),
(100, 21, '2021-10-31', 'France', 'Phone'),
(101, 18, '2021-10-31', 'Germany', 'Phone'),
(102, 12, '2021-10-31', 'France', 'Tablet'),
(103, 6, '2021-10-31', 'England', 'Tablet'),
(104, 12, '2021-11-01', 'France', 'Pc'),
(105, 3, '2021-11-01', 'Sweden', 'Pc'),
(106, 5, '2021-11-01', 'Germany', 'Phone'),
(107, 21, '2021-11-02', 'France', 'Laptop'),
(108, 15, '2021-11-02', 'France', 'Laptop'),
(109, 19, '2021-11-02', 'England', 'Laptop'),
(110, 20, '2021-11-02', 'Sweden', 'Pc'),
(111, 22, '2021-11-03', 'Denmark', 'Pc'),
(112, 13, '2021-11-03', 'Germany', 'Tablet'),
(113, 2, '2021-11-04', 'Denmark', 'Tablet'),
(114, 19, '2021-11-04', 'England', 'Pc'),
(115, 18, '2021-11-04', 'Germany', 'Pc'),
(116, 23, '2021-11-05', 'Germany', 'Tablet'),
(117, 20, '2021-11-05', 'Sweden', 'Tablet'),
(118, 2, '2021-11-05', 'Denmark', 'Tablet'),
(119, 22, '2021-11-05', 'Denmark', 'Pc'),
(120, 15, '2021-11-06', 'France', 'Phone'),
(121, 15, '2021-11-06', 'France', 'Pc'),
(122, 13, '2021-11-06', 'Germany', 'Pc'),
(123, 7, '2021-11-07', 'Denmark', 'Laptop'),
(124, 19, '2021-11-07', 'England', 'Laptop'),
(125, 12, '2021-11-07', 'France', 'Tablet'),
(126, 21, '2021-11-07', 'France', 'Tablet'),
(127, 4, '2021-11-08', 'Germany', 'Tablet'),
(128, 21, '2021-11-08', 'France', 'Pc'),
(129, 11, '2021-11-08', 'England', 'Tablet'),
(130, 24, '2021-11-09', 'Denmark', 'Pc'),
(131, 4, '2021-11-09', 'Germany', 'Pc'),
(132, 21, '2021-11-09', 'France', 'Phone'),
(133, 17, '2021-11-10', 'Norway', 'Phone'),
(134, 23, '2021-11-10', 'Germany', 'Pc'),
(135, 16, '2021-11-10', 'Sweden', 'Tablet'),
(136, 7, '2021-11-11', 'Denmark', 'Tablet'),
(137, 8, '2021-11-11', 'Germany', 'Laptop'),
(138, 3, '2021-11-11', 'Sweden', 'Laptop'),
(139, 18, '2021-11-12', 'Germany', 'Pc'),
(140, 5, '2021-11-12', 'Germany', 'Phone'),
(141, 19, '2021-11-12', 'England', 'Phone'),
(142, 22, '2021-11-12', 'Denmark', 'Tablet'),
(143, 7, '2021-11-12', 'Denmark', 'Phone'),
(144, 12, '2021-11-13', 'France', 'Phone'),
(145, 9, '2021-11-13', 'Norway', 'Laptop'),
(146, 17, '2021-11-13', 'Norway', 'Phone'),
(147, 8, '2021-11-13', 'Germany', 'Pc'),
(148, 4, '2021-11-14', 'Germany', 'Phone'),
(149, 2, '2021-11-14', 'Denmark', 'Tablet'),
(150, 13, '2021-11-14', 'Germany', 'Phone'),
(151, 18, '2021-11-15', 'Germany', 'Phone'),
(152, 8, '2021-11-15', 'Germany', 'Tablet'),
(153, 20, '2021-11-16', 'Sweden', 'Phone'),
(154, 12, '2021-11-16', 'France', 'Pc'),
(155, 3, '2021-11-16', 'Sweden', 'Pc'),
(156, 5, '2021-11-16', 'England', 'Phone'),
(157, 21, '2021-11-17', 'France', 'Laptop'),
(158, 15, '2021-11-17', 'France', 'Laptop'),
(159, 19, '2021-11-17', 'England', 'Laptop'),
(160, 20, '2021-11-17', 'Sweden', 'Pc'),
(161, 22, '2021-11-18', 'Denmark', 'Pc'),
(162, 13, '2021-11-18', 'Germany', 'Tablet'),
(163, 2, '2021-11-18', 'Denmark', 'Tablet'),
(164, 19, '2021-11-19', 'England', 'Pc'),
(165, 18, '2021-11-19', 'Germany', 'Pc'),
(166, 23, '2021-11-20', 'Germany', 'Tablet'),
(167, 20, '2021-11-20', 'Sweden', 'Tablet'),
(168, 2, '2021-11-20', 'Denmark', 'Tablet'),
(169, 22, '2021-11-21', 'Denmark', 'Pc'),
(170, 15, '2021-11-21', 'France', 'Phone'),
(171, 15, '2021-11-21', 'France', 'Pc'),
(172, 13, '2021-11-22', 'Germany', 'Pc'),
(173, 7, '2021-11-22', 'Denmark', 'Laptop'),
(174, 19, '2021-11-22', 'England', 'Laptop'),
(175, 12, '2021-11-22', 'France', 'Tablet'),
(176, 21, '2021-11-23', 'France', 'Tablet'),
(177, 4, '2021-11-23', 'Germany', 'Tablet'),
(178, 21, '2021-11-23', 'France', 'Pc'),
(179, 11, '2021-11-24', 'England', 'Tablet'),
(180, 24, '2021-11-24', 'Denmark', 'Pc'),
(181, 4, '2021-11-24', 'Germany', 'Pc'),
(182, 21, '2021-11-24', 'France', 'Phone'),
(183, 17, '2021-11-25', 'Norway', 'Phone'),
(184, 23, '2021-11-25', 'Germany', 'Pc'),
(185, 16, '2021-11-26', 'Sweden', 'Tablet'),
(186, 7, '2021-11-26', 'Denmark', 'Tablet'),
(187, 8, '2021-11-27', 'England', 'Laptop'),
(188, 3, '2021-11-27', 'Sweden', 'Laptop'),
(189, 18, '2021-11-27', 'Germany', 'Pc');

-- --------------------------------------------------------

--
-- Struktur-dump for tabellen `order_items`
--

CREATE TABLE `order_items` (
  `id` int(11) NOT NULL,
  `orderID` int(11) NOT NULL,
  `ean` bigint(11) NOT NULL,
  `quantity` int(11) NOT NULL,
  `price` int(11) NOT NULL
) ENGINE=InnoDB DEFAULT CHARSET=utf8mb4;

--
-- Data dump for tabellen `order_items`
--

INSERT INTO `order_items` (`id`, `orderID`, `ean`, `quantity`, `price`) VALUES
(1, 1, 8972080309095, 2, 500),
(2, 1, 3260040807657, 1, 300),
(3, 2, 7595101523570, 1, 200),
(4, 3, 2057295056323, 3, 400),
(5, 77, 5800279554097, 4, 138),
(6, 163, 2407831195540, 2, 218),
(7, 50, 9160093361518, 4, 255),
(8, 16, 6971928098270, 2, 279),
(9, 27, 8252296061310, 4, 206),
(10, 114, 4021048594894, 2, 458),
(11, 55, 7369531908924, 3, 155),
(12, 165, 6296474727428, 1, 175),
(13, 81, 1043452195680, 2, 379),
(14, 26, 1421285881685, 2, 323),
(15, 115, 4588760570911, 3, 329),
(16, 118, 7538073681246, 2, 339),
(17, 19, 3420723230864, 4, 154),
(18, 171, 8401289353482, 2, 184),
(19, 88, 2630713954314, 4, 145),
(20, 142, 2908464637598, 4, 136),
(21, 136, 1610881709261, 1, 156),
(22, 92, 8326210192492, 4, 460),
(23, 166, 9917125863828, 1, 457),
(24, 148, 6717268164656, 3, 385),
(25, 164, 3278159443447, 1, 499),
(26, 169, 5459026790195, 1, 291),
(27, 135, 9328215412679, 2, 471),
(28, 54, 4888682409271, 2, 448),
(29, 64, 9844226936539, 1, 203),
(30, 170, 1049825322219, 3, 161),
(31, 110, 5193520230299, 4, 202),
(32, 94, 3227990125207, 1, 375),
(33, 95, 4595508069305, 4, 388),
(34, 34, 1442720975813, 2, 210),
(35, 137, 6355347409667, 4, 167),
(36, 51, 1544982594649, 1, 234),
(37, 33, 3432371638159, 2, 493),
(38, 83, 6807371601050, 1, 303),
(39, 99, 1814426932185, 3, 254),
(40, 126, 9532233513401, 4, 341),
(41, 183, 5161606348360, 4, 208),
(42, 94, 6630348785306, 1, 497),
(43, 171, 6841933672845, 4, 317),
(44, 188, 5612676911850, 2, 185),
(45, 89, 5960381620573, 4, 462),
(46, 136, 6834081476789, 4, 376),
(47, 24, 2667830741890, 1, 381),
(48, 188, 4440729545710, 1, 174),
(49, 144, 2425656237245, 4, 344),
(50, 122, 7228076324541, 2, 450),
(51, 161, 9796070880436, 4, 432),
(52, 137, 4782443483811, 4, 284),
(53, 102, 2345728580911, 3, 474),
(54, 43, 2674273141831, 1, 254),
(55, 156, 8691376690319, 3, 203),
(56, 95, 2028415245144, 2, 406),
(57, 74, 9922330543736, 4, 130),
(58, 12, 2762037022715, 1, 320),
(59, 48, 6638685431058, 1, 328),
(60, 59, 2370438343481, 4, 463),
(61, 99, 6963728134923, 4, 263),
(62, 51, 6244126022698, 3, 460),
(63, 156, 1896547458394, 1, 405),
(64, 80, 3008632422593, 2, 176),
(65, 114, 7005366129077, 3, 316),
(66, 37, 2010224281603, 1, 157),
(67, 102, 5189763520838, 2, 279),
(68, 104, 9548421601985, 1, 295),
(69, 13, 1136176260104, 4, 101),
(70, 96, 1710802345798, 1, 332),
(71, 124, 2345683092652, 4, 327),
(72, 178, 8152805414241, 3, 473),
(73, 173, 9865725678635, 2, 398),
(74, 36, 9975022877652, 3, 366),
(75, 123, 7043993582941, 2, 494),
(76, 37, 3127833228459, 4, 190),
(77, 119, 4281234204999, 2, 343),
(78, 74, 8823549017538, 2, 182),
(79, 60, 5106479923146, 3, 273),
(80, 79, 7872327125186, 1, 119),
(81, 121, 4098440593341, 3, 432),
(82, 44, 5074454310416, 3, 467),
(83, 137, 7385198616026, 1, 155),
(84, 75, 5202816219975, 4, 437),
(85, 151, 8067357033535, 3, 360),
(86, 110, 2671133971281, 2, 205),
(87, 186, 6585898763245, 2, 182),
(88, 134, 9006383151288, 1, 228),
(89, 65, 4499507185871, 2, 255),
(90, 90, 4369687581679, 4, 411),
(91, 175, 8904080614678, 2, 298),
(92, 172, 6228372258733, 2, 388),
(93, 83, 1222214726303, 3, 202),
(94, 101, 8626120986889, 4, 111),
(95, 69, 3677302061786, 4, 495),
(96, 128, 2335304215896, 2, 193),
(97, 47, 5490954629036, 3, 349),
(98, 91, 5944314890735, 2, 296),
(99, 80, 8015309420240, 1, 216),
(100, 30, 8690588609337, 4, 132),
(101, 114, 2030684182359, 3, 297),
(102, 149, 9125851834251, 4, 258),
(103, 41, 6053106829458, 3, 322),
(104, 49, 6934961349407, 1, 212),
(105, 151, 2426411827602, 2, 206),
(106, 74, 5374597944850, 2, 399),
(107, 93, 4085771040494, 4, 124),
(108, 135, 2814701791507, 2, 301),
(109, 51, 1685352645313, 1, 357),
(110, 168, 5020119916791, 3, 260),
(111, 44, 3703384193506, 2, 407),
(112, 168, 8938407216019, 3, 403),
(113, 82, 7851204824761, 1, 487),
(114, 169, 4971779669955, 4, 207),
(115, 85, 3210804944274, 2, 121),
(116, 136, 8870958400614, 2, 132),
(117, 108, 7965609118941, 2, 396),
(118, 48, 2758280058618, 2, 108),
(119, 152, 9024326570836, 3, 434),
(120, 74, 3241767834903, 4, 339),
(121, 146, 2298473562519, 2, 383),
(122, 63, 4994834415230, 3, 481),
(123, 98, 5996756649636, 1, 171),
(124, 108, 2741396546868, 3, 190),
(125, 48, 6960228130125, 1, 221),
(126, 109, 1971198924751, 3, 339),
(127, 73, 4761693954819, 2, 230),
(128, 62, 7068912006378, 4, 103),
(129, 105, 3490712014185, 1, 493),
(130, 16, 5055033050193, 4, 300),
(131, 46, 4664426229063, 3, 107),
(132, 25, 3351419590097, 1, 362),
(133, 108, 5420529906540, 4, 220),
(134, 168, 7293442514979, 3, 402),
(135, 177, 4108055884117, 4, 188),
(136, 14, 8393224921699, 1, 411),
(137, 153, 7533891462138, 3, 244),
(138, 101, 3351877326664, 3, 468),
(139, 137, 8596587078438, 3, 179),
(140, 37, 9375354012091, 3, 449),
(141, 158, 2224527905658, 1, 388),
(142, 104, 2630499379570, 2, 472),
(143, 35, 6577107947310, 3, 206),
(144, 67, 4836959565515, 1, 123),
(145, 35, 7173313511692, 3, 107),
(146, 25, 7472473862697, 4, 371),
(147, 16, 7290183328127, 2, 298),
(148, 77, 2825496999356, 2, 391),
(149, 11, 9608935937488, 2, 345),
(150, 3, 5682504363850, 2, 249),
(151, 27, 3744407440699, 1, 363),
(152, 78, 7299153980527, 1, 335),
(153, 163, 2740983707564, 3, 365),
(154, 68, 1976792426420, 2, 217),
(155, 65, 5813750808294, 3, 151),
(156, 62, 5495262249604, 2, 359),
(157, 118, 4139874668597, 4, 151),
(158, 35, 5828685149942, 3, 148),
(159, 184, 2980653360680, 3, 496),
(160, 137, 9868213462865, 3, 254),
(161, 188, 2676390757790, 1, 210),
(162, 62, 8343607201462, 4, 224),
(163, 44, 9498440055082, 2, 167),
(164, 43, 9211591621907, 4, 308),
(165, 20, 9692768521431, 3, 238),
(166, 84, 4191294145893, 2, 152),
(167, 45, 5046634979944, 3, 156),
(168, 90, 8782943518961, 3, 328),
(169, 23, 2135473846305, 4, 192),
(170, 150, 2754887489622, 1, 430),
(171, 23, 3292884444180, 4, 420),
(172, 20, 4410502545412, 3, 489),
(173, 130, 6223655577321, 3, 205),
(174, 101, 3651235095103, 3, 380),
(175, 181, 4999079936119, 4, 434),
(176, 27, 9741346794028, 2, 364),
(177, 115, 5944969206445, 2, 436),
(178, 125, 2224630471981, 3, 277),
(179, 174, 8960437509309, 1, 358),
(180, 160, 1313790147029, 2, 292),
(181, 144, 8469777484266, 3, 480),
(182, 23, 6091379389883, 3, 215),
(183, 118, 1566049702166, 4, 177),
(184, 4, 5043378401635, 1, 309),
(185, 115, 7424555594226, 4, 458),
(186, 19, 7900846570819, 1, 461),
(187, 101, 8618842752284, 1, 286),
(188, 120, 1324973998923, 3, 342),
(189, 80, 4178086047133, 2, 472),
(190, 78, 6825990516947, 3, 356),
(191, 181, 7068945281894, 3, 309),
(192, 104, 2896102080294, 2, 162),
(193, 25, 9456476139692, 1, 161),
(194, 46, 2854114278232, 4, 366),
(195, 4, 9311027059027, 2, 490),
(196, 90, 3248617953279, 4, 223),
(197, 5, 3067586079333, 4, 107),
(198, 135, 8779309855358, 4, 304),
(199, 13, 6531217287145, 3, 156),
(200, 138, 5031880318350, 4, 468),
(201, 149, 4375159476534, 1, 127),
(202, 44, 6700758606522, 4, 158),
(203, 34, 3189423932070, 2, 285),
(204, 141, 4529673767403, 1, 468);

--
-- Begrænsninger for dumpede tabeller
--

--
-- Indeks for tabel `customer`
--
ALTER TABLE `customer`
  ADD PRIMARY KEY (`id`);

--
-- Indeks for tabel `order`
--
ALTER TABLE `order`
  ADD PRIMARY KEY (`id`),
  ADD KEY `customerID` (`customerID`);

--
-- Indeks for tabel `order_items`
--
ALTER TABLE `order_items`
  ADD PRIMARY KEY (`id`),
  ADD KEY `orderID` (`orderID`);

--
-- Brug ikke AUTO_INCREMENT for slettede tabeller
--

--
-- Tilføj AUTO_INCREMENT i tabel `customer`
--
ALTER TABLE `customer`
  MODIFY `id` int(11) NOT NULL AUTO_INCREMENT, AUTO_INCREMENT=26;

--
-- Tilføj AUTO_INCREMENT i tabel `order`
--
ALTER TABLE `order`
  MODIFY `id` int(11) NOT NULL AUTO_INCREMENT, AUTO_INCREMENT=190;

--
-- Tilføj AUTO_INCREMENT i tabel `order_items`
--
ALTER TABLE `order_items`
  MODIFY `id` int(11) NOT NULL AUTO_INCREMENT, AUTO_INCREMENT=205;

--
-- Begrænsninger for dumpede tabeller
--

--
-- Begrænsninger for tabel `order`
--
ALTER TABLE `order`
  ADD CONSTRAINT `order_ibfk_1` FOREIGN KEY (`customerID`) REFERENCES `customer` (`id`);

--
-- Begrænsninger for tabel `order_items`
--
ALTER TABLE `order_items`
  ADD CONSTRAINT `order_items_ibfk_1` FOREIGN KEY (`orderID`) REFERENCES `order` (`id`);
COMMIT;

/*!40101 SET CHARACTER_SET_CLIENT=@OLD_CHARACTER_SET_CLIENT */;
/*!40101 SET CHARACTER_SET_RESULTS=@OLD_CHARACTER_SET_RESULTS */;
/*!40101 SET COLLATION_CONNECTION=@OLD_COLLATION_CONNECTION */;
